T√≠tulo, Precio (‚Ç¨)
N/A, N/A
Price and other details may vary based on product size and color., N/A
Anbalulu Magnetic Tiles for Kids, Stacking Blocks, Preschool Stem Construction Building Set 100 Pcs, 42,49‚Ç¨
Don Clemente Autentica Loteria Mexican Bingo Set 20 Tablets Colorful and Educational, 6,12‚Ç¨
The Game of Life: Super Mario Edition Board Game for Kids Ages 8 and Up, Play Minigames, Collect Stars, Battle Bowser, 21,24‚Ç¨
Mazmer Authentic Mexican Bingo Game Set For 20 Players Includes Mexican Tote bag, Extra Deck of Cards and 320 Assorted Colors Free Markers. Perfect to Learn Spanish - Juego de mesa Mexicano -Big Size., 16,97‚Ç¨
N/A, N/A
FITZ - ¬°Dios Mio! Bilingual Fun Card Game - Juegos de mesa en espa√±ol - A Comedy Party Tarjeta Game NSFW - 350 Muy Graciosa Cards - Spanish Board Game - Party Games, 21,24‚Ç¨
Pokemon Battle Academy 2 Board Game, 12,74‚Ç¨
Elite Sportz Ring Toss Games for Kids - Outdoor Yard Game for Adults & Family - Backyard Toys, Outdoor Games, Yard Games, Backyard Games, Lawn Games, Outdoor Toys For Kids Ages 4-8, Outdoor Toys, 16,67‚Ç¨
Squid Toys Action Figures Building Kit, Popular TV Building Sets, with 6 Cute Characters, Collectible Model, Valentines Day Gifts for Kids or Friends (436 Pieces), 11,88‚Ç¨
Regal Games - Reversible Wooden Board for Chess, Checkers & Tic-Tac-Toe - 24 Interlocking Wooden Checkers and 32 Standard Chess Pieces - for Age 8 to Adult for Family Fun, 19,54‚Ç¨
UNO Minecraft Card Game Videogame-Themed Collectors Deck 112 Cards With Character Images, Gift For Fans Ages 7 Years Old & Up, 6,37‚Ç¨
YoYa Toys Beadeez Squishy Stress Relief Balls (3 Pack) - Colorful Squeeze Stretch Balls with Water Beads - Sensory Fidget Toys for Kids and Adults - Increase Focus, Great for ADHD, Autism, Anxiety, 13,59‚Ç¨
Lingle 15Inch Wooden Folding Chess Set with 3'' Kh Staunton Chess Pieces - Maple & Walnut Inlay Board Game, 18,68‚Ç¨
Melissa & Doug Suspend Family Game (31 pcs) - Wire Balance Game, Family Game Night Activities, For Kids Ages 8+, 16,14‚Ç¨
IJO 4 Pack LED Light Airplane Toys-17.5" Large Throwing Foam Plane-2 Flight Modes Glider Plane-Outdoor Flying Toys for Kids-Flying Toys Gift for Boys Girls 3 4 5 6 7 8 9 Years Old, 16,99‚Ç¨
El Juego Perfecto (The Perfect Game) Audio English & Spanish with Spanish Subtitles, 16,99‚Ç¨
Funko Games Scream The Game Party Game Ages 13 and Up for 3-8 Players, 16,99‚Ç¨
IJO Double Sided Dart Board 29 inch with 12 Sticky Balls-Boys Girls Toys-Indoor/Outdoor Target Game-Party Games for 3 4 5 6 7 8 9 10 11 12 Years Old Boys Girls Childrens, 10,19‚Ç¨
STEAM STUDIO Premium Magnetic Tiles Rivets & Large Strong Magnets, BPA Free Kids Toys, Building Blocks Toddler Toys for Boys Girls, Building & Construction Toys (110 pcs), 50,99‚Ç¨
Bluey - Shadowlands Board Game - Family Game Night, Unpredictable - Engaging Fun for All - Collect All 5 Cupcake Cards | 2-4 Players | for Ages 3+, Multicolor, 13011, 27,21‚Ç¨
ORCHARD TOYS Moose Games Magic Maths Game. an exciting and spellbinding Math Game. for Ages 5-7 and for 2-4 Players, 5,40‚Ç¨
Jalunth Ball Catch Set Games Toss Paddle - Beach Toys Back Yard Outdoor Pool Backyard Throw Sticky Set Age 3 4 5 6 7 8 9 10 11 12 Years Old Boys Girls Kids Adults Family Outside Easter Gifts Green, 21,24‚Ç¨
Gel Ball Blaster Toy Gun Shooting Games Education Toy Model for 6,7,8,9,14+ Kids Boys Gifts, 42,49‚Ç¨
USAOPOLY TAPPLE¬Æ Word Game | Fast-Paced Family Board Game | Choose a Category & Race Against The Timer to be The Last Player | Learning Game Great for All Ages, 14,44‚Ç¨
Conversation Game in Spanish - Why Don't We - Conversar y Conocerse - 120 Cards with Questions, Games, Conversations & More. Fun Game for Adults and Gift for Couples., 19,47‚Ç¨
Jenga Classic Game with Genuine Hardwood Blocks, Stacking Tower Game for 1 or More Players, Kids Ages 6 and Up, 10,52‚Ç¨
Connect 4 Classic Grid , 4 in a Row Game, Strategy Board Games for Kids, 2 Player . for Family and Kids, Ages 6 and Up, 4,66‚Ç¨
Ring Toss Game for Kids, Indoor & Outdoor Game for Family and Adults with 5 Poles, 2 Bases and 16 Rings in 4 Colors, Soft Foam Toy for Kids Backyard Ring Toss Fun, 16,65‚Ç¨
Hooomyai 24 Inch Prize Wheel with Folding Tripod Floor Stand Height Adjustable 14 Slots Color Dry Erase Spin Wheel Spinner Game with Dry Erase & Marker Pen for Trade Show Fortune Spinning Game, 81,59‚Ç¨
Great Boy Handheld Game Console for Kids Preloaded 270 Classic Retro Games with 3.0'' Color Display and Gamepad Rechargeable Arcade Gaming Player (Blue), 28,03‚Ç¨
Baicai Inflatable Reindeer Antler Toss Headband Game Christmas ToyÔºå for Kids Adults Family Christmas Party Favors Outdoor Indoor Ring Toss Xmas Games, 2 Antlers & 10 Rings & 1 Air Pump, 12,74‚Ç¨
SEQUENCE- Original SEQUENCE Game with Folding Board, Cards and Chips by Jax ( Packaging may Vary ) White, 10.3" x 8.1" x 2.31", 11,89‚Ç¨
Classic Operation Game, 12,74‚Ç¨
Stranger Things Upside Down Board Game | Strategy Game | Tabletop Miniatures Game | Cooperative Game for Kids and Adults | Ages 12+ | 2-4 Players | Average Playtime 60 Minutes | Made by CMON, 39,08‚Ç¨
UNO Card Game (2 Pack), 7,84‚Ç¨
Win SPORTS 3 in 1 Carnival Outdoor,Combo Games Set,Soft Plastic Cones,Cornhole Bean Bags,Ring Toss Game,Kids Birthday Party Outdoor Games Supplies 26 Piece Set, 15,29‚Ç¨
Bow and Arrow for Kids Archery Set 2 Pack - LED Light Up Archery Toy Bow and Arrow Set with 20 Suction Cup Arrows 2 Target & 2 Quiver, Sports & Outdoor Play Game Toys for Kids Boys Girls Age 3-12, 22,94‚Ç¨
Retro Game Console,HD HDMI and RCA Output Game System Built in 620 Classic Video Games and Dual 2.4G Wireless Controllers,Plug and Play TV Games., 42,49‚Ç¨
Mag Genius Educational & Colorful Magnetic Building Building Block Set ‚Äì 60-Pieces Standard Building Kit, 25,49‚Ç¨
Lutron Pico Smart Remote Control for Cas√©ta Smart Dimmer Switch | PJ2-3BRL-WH-L01R | White, 16,96‚Ç¨
Vital Hero Memory Card Pack - DC Characters, 16,99‚Ç¨
UNO Card Game for Family Night, Travel Game & Gift for Kids In a Collectible Storage Tin for 2-10 Players [Amazon Exclusive], 9,24‚Ç¨
ùó¶ùó≤ùòÖ Dice Game 6PCS (Black), 11,89‚Ç¨
HearthSong Curling Zone ‚Äì Indoor Battery Operated Hovering Curling Set ‚Äì Fun Family Game for Kids and Adults ‚Äì 6 Curling Stones and Floor Mat ‚Äì Olympic Sport Party Game Equipment ‚Äì Age 3+, 109,65‚Ç¨
JUNWRROW Deluxe Bingo Game Set - Includes Red Bingo Bag, Jumbo Calling Card Deck,50 Mixed Bingo Cards, 500 Colorful Chips with a Bag- Ideal for Large Groups, Parties, 22,94‚Ç¨
MEIOCION Double 6 Dominoes Gift Set 28 Tiles with Spinner in Wooden Box, 22,82‚Ç¨
Classic 6 Game Collection, 12,83‚Ç¨
Bottleboom Shooting Game Toys for Boys Age 5 6 7 8 9 10+ Years Old,Foam Popper Guns for 2 Player,Electric Shooting Target & Air Blaster with 24 Foam Bullet Balls Birthday Gift for Kids Girls, 18,69‚Ç¨
Twister Ultimate: Bigger Mat, More Colored Spots, Family, Kids Party Game Age 6+; Compatible with Alexa (Amazon Exclusive), 18,64‚Ç¨
Zygomatic Spot It! Classic Card Game (Pocket Edition) | Matching Game | Fun Kids Game for Family Game Night | Travel Game | Great Kids Gift | Ages 6+ | 2-8 Players | Avg. Playtime 15 Mins | Made, 5,09‚Ç¨
Noah's Ark Board Game, Don't Rock The Boat, Strategy Balancing Game, Hand-Eye Coordination, Religious Stacking Educational Board Game with Animal Toys, 25,07‚Ç¨
Hedbanz Picture Guessing Board Game New Edition, for Families and Kids Ages 8 and up, 11,89‚Ç¨
Twister Party Classic Board Game for 2 or More Players, Indoor and Outdoor Game for Kids 6 and Up, Packaging may vary, 15,27‚Ç¨
Vango The UpsideDownChallenge Game for Family & Kids - Complete Fun Challenges with Upside Down Goggles - Hilarious Fun Game for Game Night & Parties - 2-6 Players, Ages 8+, 16,76‚Ç¨
Wireless Retro Game Console,Retro Game Stick,Nostalgia Stick Game,4K HDMI Output,Plug and Play Video Game Stick Built in 10000+ Games,9 Classic Emulators, with Dual 2.4G Wireless Controllers(64G), 46,74‚Ç¨
Hasbro Gaming Jenga Wooden Blocks Stacking Tumbling Tower Kids Game Ages 6 and Up (Amazon Exclusive), 14,44‚Ç¨
Juegos De Guerra, N/A
RA Board Game, 42,49‚Ç¨
Mindful Classics, Four in a Row Family Board Game with Bamboo and Recycled Plastic Earth Day Eco-Friendly Products, for Adults and Kids Ages 8 and up, 9,72‚Ç¨
Monopoly Iron Maiden | Play as Bruce‚Äôs Lantern, Guitar Amp Stack, Nicko‚Äôs Drum Kit, and More | Officially Licensed Collectible Game Honoring English Classic Heavy Metal Icons, 45,04‚Ç¨
Drone Home -- First Ever Game With a Real, Flying Drone -- Great, Family Fun! -- For 2-4 Players -- Ages 8+, 16,18‚Ç¨
Hasbro Gaming Battleship Classic Board Game, Strategy Game for Kids Ages 7 and Up, Fun for 2 Players, 12,13‚Ç¨
PRO-SPIN All-in-One Portable Ping Pong Paddles Set | Table Tennis Set with Retractable Ping Pong Net (Up to 72" Wide) | Premium Paddles, 3-Star Balls | Storage Case | Family Fun | Gift, 15,29‚Ç¨
N/A, N/A
N/A, N/A
N/A, N/A
N/A, N/A
